"2014-03-31", 68.50 
"2014-04-01", 69.38 
"2014-04-02", 70.20 
"2014-04-03", 69.30 
"2014-04-04", 69.75 
"2014-04-07", 68.85 
"2014-04-08", 68.85 
"2014-04-09", 70.45 
"2014-04-10", 70.97 
"2014-04-11", 70.38 
"2014-04-14", 70.38 
"2014-04-15", 70.88 
"2014-04-16", 70.53 
"2014-04-17", 70.22 
"2014-04-21", 70.05 
"2014-04-22", 71.47 
"2014-04-23", 73.00 
"2014-04-24", 73.00 
"2014-04-25", 70.28 
"2014-04-28", 70.15 
"2014-04-29", 71.83 
"2014-04-30", 72.53 
"2014-05-01", 72.53 
"2014-05-02", 72.58 
"2014-05-05", 73.15 
"2014-05-06", 72.30 
"2014-05-07", 72.45 
"2014-05-08", 71.95 
"2014-05-09", 71.88 
"2014-05-12", 70.83 
"2014-05-13", 70.47 
"2014-05-14", 70.92 
"2014-05-15", 69.30 
"2014-05-16", 70.25 
"2014-05-19", 76.53 
"2014-05-20", 75.90 
"2014-05-21", 78.70 
"2014-05-22", 79.40 
"2014-05-23", 79.83 
"2014-05-27", 74.30 
"2014-05-28", 76.97 
"2014-05-29", 73.88 
"2014-05-30", 77.28 
"2014-06-02", 78.63 
"2014-06-03", 78.92 
"2014-06-04", 77.63 
"2014-06-05", 79.38 
"2014-06-06", 80.60 
"2014-06-09", 81.03 
"2014-06-10", 79.15 
"2014-06-11", 77.63 
"2014-06-12", 80.17 
"2014-06-13", 80.67 
"2014-06-16", 81.72 
"2014-06-17", 83.25 
"2014-06-18", 81.97 
"2014-06-19", 81.17 
"2014-06-20", 83.53 
"2014-06-23", 87.38 
"2014-06-24", 93.13 
"2014-06-25", 90.75 
"2014-06-26", 86.50 
"2014-06-27", 86.80 
"2014-06-30", 87.90 
"2014-07-01", 87.38 
"2014-07-02", 86.33 
"2014-07-03", 85.67 
"2014-07-07", 91.50 
"2014-07-08", 90.90 
"2014-07-09", 86.10 
"2014-07-10", 88.67 
"2014-07-11", 87.00 
"2014-07-14", 85.88 
"2014-07-15", 87.50 
"2014-07-16", 89.72 
"2014-07-17", 91.33 
"2014-07-18", 93.28 
"2014-07-21", 92.50 
"2014-07-22", 90.30 
"2014-07-23", 90.33 
"2014-07-24", 90.55 
"2014-07-25", 92.15 
"2014-07-28", 91.75 
"2014-07-29", 91.75 
"2014-07-30", 91.50 
"2014-07-31", 91.42 
"2014-08-01", 93.00 
"2014-08-04", 89.97 
"2014-08-05", 86.15 
"2014-08-06", 83.65 
"2014-08-07", 84.50 
"2014-08-08", 85.28 
"2014-08-11", 85.85 
"2014-08-12", 86.67 
"2014-08-13", 86.60 
"2014-08-14", 86.00 
"2014-08-15", 86.00 
"2014-08-18", 89.83 
"2014-08-19", 88.10 
"2014-08-20", 87.17 
"2014-08-21", 88.80 
"2014-08-22", 88.35 
"2014-08-25", 88.70 
"2014-08-26", 91.88 
"2014-08-27", 92.08 
"2014-08-28", 91.97 
"2014-08-29", 91.97 
"2014-09-02", 97.95 
"2014-09-03", 96.10 
"2014-09-04", 97.55 
"2014-09-05", 94.80 
"2014-09-08", 93.47 
"2014-09-09", 93.88 
"2014-09-10", 93.35 
"2014-09-11", 97.03 
"2014-09-12", 100.05 
"2014-09-15", 98.90 
"2014-09-16", 96.15 
"2014-09-17", 95.78 
"2014-09-18", 97.42 
"2014-09-19", 99.08 
"2014-09-22", 100.75 
"2014-09-23", 98.13 
"2014-09-24", 99.03 
"2014-09-25", 96.38 
"2014-09-26", 92.75 
"2014-09-29", 93.15 
"2014-09-30", 94.00 
"2014-10-01", 96.03 
"2014-10-02", 96.03 
"2014-10-03", 96.03 
"2014-10-06", 96.03 
"2014-10-07", 90.90 
"2014-10-08", 91.55 
"2014-10-09", 91.97 
"2014-10-10", 89.33 
"2014-10-13", 90.05 
"2014-10-14", 89.90 
"2014-10-15", 89.90 
"2014-10-16", 92.63 
"2014-10-17", 94.05 
"2014-10-20", 97.53 
"2014-10-21", 96.95 
"2014-10-22", 99.08 
"2014-10-23", 98.72 
"2014-10-24", 98.72 
"2014-10-27", 97.28 
"2014-10-28", 97.83 
"2014-10-29", 96.95 
"2014-10-30", 98.92 
"2014-10-31", 99.58 
"2014-11-03", 99.95 
"2014-11-04", 99.95 
"2014-11-05", 100.45 
"2014-11-06", 100.45 
"2014-11-07", 100.47 
"2014-11-10", 100.03 
"2014-11-11", 99.47 
"2014-11-12", 100.55 
"2014-11-13", 99.35 
"2014-11-14", 98.60 
"2014-11-17", 99.20 
"2014-11-18", 98.15 
"2014-11-19", 93.53 
"2014-11-20", 94.88 
"2014-11-21", 94.47 
"2014-11-24", 96.35 
"2014-11-25", 96.70 
"2014-11-26", 99.58 
"2014-11-28", 98.55 
"2014-12-01", 98.03 
"2014-12-02", 100.03 
"2014-12-03", 101.67 
"2014-12-04", 102.10 
"2014-12-05", 99.80 
"2014-12-08", 97.33 
"2014-12-09", 94.90 
"2014-12-10", 97.05 
"2014-12-11", 95.78 
"2014-12-12", 94.78 
"2014-12-15", 93.90 
"2014-12-16", 93.25 
"2014-12-17", 96.38 
"2014-12-18", 98.33 
"2014-12-19", 100.42 
"2014-12-22", 104.63 
"2014-12-23", 103.97 
"2014-12-24", 103.38 
"2014-12-26", 102.90 
"2014-12-29", 104.03 
"2014-12-30", 104.17 
"2014-12-31", 104.20 
"2015-01-02", 105.40 
"2015-01-05", 106.25 
"2015-01-06", 102.53 
"2015-01-07", 104.58 
"2015-01-08", 108.53 
"2015-01-09", 106.90 
"2015-01-12", 103.40 
"2015-01-13", 103.72 
"2015-01-14", 101.35 
"2015-01-15", 100.53 
"2015-01-16", 98.85 
"2015-01-20", 97.88 
"2015-01-21", 97.03 
"2015-01-22", 94.55 
"2015-01-23", 94.20 
"2015-01-26", 94.20 
"2015-01-27", 95.28 
"2015-01-28", 94.80 
"2015-01-29", 93.85 
"2015-01-30", 89.90 
"2015-02-02", 90.45 
"2015-02-03", 90.78 
"2015-02-04", 92.92 
"2015-02-05", 91.97 
"2015-02-06", 91.88 
"2015-02-09", 90.92 
"2015-02-10", 91.47 
"2015-02-11", 94.63 
"2015-02-12", 95.10 
"2015-02-13", 93.58 
"2015-02-17", 91.38 
"2015-02-18", 89.67 
"2015-02-19", 89.30 
"2015-02-20", 88.35 
"2015-02-23", 88.05 
"2015-02-24", 88.28 
"2015-02-25", 88.33 
"2015-02-26", 89.10 
"2015-02-27", 91.58 
"2015-03-02", 91.95 
"2015-03-03", 90.88 
"2015-03-04", 89.25 
"2015-03-05", 89.58 
"2015-03-06", 89.58 
"2015-03-09", 89.50 
"2015-03-10", 89.60 
"2015-03-11", 88.30 
"2015-03-12", 88.30 
"2015-03-13", 87.03 
"2015-03-16", 87.92 
"2015-03-17", 88.83 
"2015-03-18", 90.03 
"2015-03-19", 89.67 
"2015-03-20", 88.58 
"2015-03-23", 89.08 
"2015-03-24", 88.17 
"2015-03-25", 87.90 
"2015-03-26", 89.03 
"2015-03-27", 86.63 
"2015-03-30", 87.75 
"2015-03-31", 85.72 
"2015-04-01", 87.92 
"2015-04-02", 87.92 
"2015-04-06", 88.90 
"2015-04-07", 90.13 
"2015-04-08", 90.75 
"2015-04-09", 92.42 
"2015-04-10", 92.88 
"2015-04-13", 93.25 
"2015-04-14", 93.25 
"2015-04-15", 93.03 
"2015-04-16", 92.75 
"2015-04-17", 92.10 
"2015-04-20", 90.00 
"2015-04-21", 88.35 
"2015-04-22", 88.58 
"2015-04-23", 87.22 
"2015-04-24", 83.35 
"2015-04-27", 84.63 
"2015-04-28", 85.20 
"2015-04-29", 87.45 
"2015-04-30", 87.17 
"2015-05-01", 87.17 
"2015-05-04", 87.30 
"2015-05-05", 87.45 
"2015-05-06", 87.70 
"2015-05-07", 86.08 
"2015-05-08", 84.67 
"2015-05-11", 87.65 
"2015-05-12", 86.63 
"2015-05-13", 88.25 
"2015-05-14", 89.72 
"2015-05-15", 88.55 
"2015-05-18", 89.38 
"2015-05-19", 92.10 
"2015-05-20", 92.72 
"2015-05-21", 92.33 
"2015-05-22", 92.25 
"2015-05-26", 91.17 
"2015-05-27", 89.80 
"2015-05-28", 91.78 
"2015-05-29", 90.88 
"2015-06-01", 90.70 
"2015-06-02", 91.03 
"2015-06-03", 91.78 
"2015-06-04", 91.10 
"2015-06-05", 90.85 
"2015-06-08", 87.88 
"2015-06-09", 86.97 
"2015-06-10", 87.72 
"2015-06-11", 87.78 
"2015-06-12", 87.53 
"2015-06-15", 87.10 
"2015-06-16", 87.47 
"2015-06-17", 88.15 
"2015-06-18", 89.15 
"2015-06-19", 90.38 
"2015-06-22", 90.50 
"2015-06-23", 92.83 
"2015-06-24", 91.83 
"2015-06-25", 94.70 
"2015-06-26", 94.42 
"2015-06-29", 94.50 
"2015-06-30", 93.47 
"2015-07-01", 95.90 
"2015-07-02", 95.25 
"2015-07-06", 95.33 
"2015-07-07", 95.45 
"2015-07-08", 93.75 
"2015-07-09", 93.38 
"2015-07-10", 94.05 
"2015-07-13", 94.75 
"2015-07-14", 97.17 
"2015-07-15", 96.83 
"2015-07-16", 96.33 
"2015-07-17", 94.83 
"2015-07-20", 96.40 
"2015-07-21", 95.72 
"2015-07-22", 97.47 
"2015-07-23", 99.92 
"2015-07-24", 98.05 
"2015-07-27", 94.80 
"2015-07-28", 93.72 
"2015-07-29", 94.78 
"2015-07-30", 97.25 
"2015-07-31", 96.50 
"2015-08-03", 96.38 
"2015-08-04", 95.20 
"2015-08-05", 95.92 
"2015-08-06", 94.75 
"2015-08-07", 92.65 
"2015-08-10", 94.00 
"2015-08-11", 94.53 
"2015-08-12", 94.63 
"2015-08-13", 94.17 
"2015-08-14", 94.42 
"2015-08-17", 92.67 
"2015-08-18", 93.25 
"2015-08-19", 92.65 
"2015-08-20", 89.60 
"2015-08-21", 89.50 
"2015-08-24", 85.22 
"2015-08-25", 89.05 
"2015-08-26", 89.35 
"2015-08-27", 91.38 
"2015-08-28", 87.85 
"2015-08-31", 88.50 
"2015-09-01", 87.90 
"2015-09-02", 87.47 
"2015-09-03", 88.25 
"2015-09-04", 87.88 
"2015-09-08", 89.17 
"2015-09-09", 89.85 
"2015-09-10", 87.38 
"2015-09-11", 86.53 
"2015-09-14", 87.10 
"2015-09-15", 86.70 
"2015-09-16", 86.53 
"2015-09-17", 86.53 
"2015-09-18", 89.05 
"2015-09-21", 89.80 
"2015-09-22", 87.97 
"2015-09-23", 88.47 
"2015-09-24", 86.13 
"2015-09-25", 86.13 
"2015-09-28", 89.60 
"2015-09-29", 88.63 
"2015-09-30", 89.65 
"2015-10-01", 87.83 
"2015-10-02", 87.83 
"2015-10-05", 89.10 
"2015-10-06", 90.70 
"2015-10-07", 92.38 
"2015-10-08", 90.95 
"2015-10-09", 91.10 
"2015-10-12", 90.78 
"2015-10-13", 91.38 
"2015-10-14", 93.85 
"2015-10-15", 93.65 
"2015-10-16", 94.80 
"2015-10-19", 95.53 
"2015-10-20", 95.95 
"2015-10-21", 95.42 
"2015-10-22", 95.42 
"2015-10-23", 96.38 
"2015-10-26", 97.85 
"2015-10-27", 97.30 
"2015-10-28", 97.15 
"2015-10-29", 96.60 
"2015-10-30", 96.65 
"2015-11-02", 96.80 
"2015-11-03", 100.65 
"2015-11-04", 102.72 
"2015-11-05", 100.63 
"2015-11-06", 100.63 
"2015-11-09", 105.78 
"2015-11-10", 102.92 
"2015-11-11", 102.17 
"2015-11-12", 102.17 
"2015-11-13", 101.90 
"2015-11-16", 102.30 
"2015-11-17", 103.95 
"2015-11-18", 105.50 
"2015-11-19", 103.05 
"2015-11-20", 110.05 
"2015-11-23", 116.67 
"2015-11-24", 116.58 
"2015-11-25", 116.58 
"2015-11-27", 115.47 
"2015-11-30", 117.13 
"2015-12-01", 119.13 
"2015-12-02", 118.83 
"2015-12-03", 120.78 
"2015-12-04", 122.03 
"2015-12-07", 121.92 
"2015-12-08", 120.20 
"2015-12-09", 121.20 
"2015-12-10", 121.95 
"2015-12-11", 121.30 
"2015-12-14", 121.33 
"2015-12-15", 119.55 
"2015-12-16", 120.60 
"2015-12-17", 121.50 
"2015-12-18", 121.63 
"2015-12-21", 120.70 
"2015-12-22", 120.45 
"2015-12-23", 119.88 
"2015-12-24", 120.33 
"2015-12-28", 120.97 
"2015-12-29", 124.08 
"2015-12-30", 123.72 
"2015-12-31", 127.42 
"2016-01-04", 124.80 
"2016-01-05", 130.03 
"2016-01-06", 133.38 
"2016-01-07", 131.47 
"2016-01-08", 131.90 
"2016-01-11", 130.85 
"2016-01-12", 128.70 
"2016-01-13", 129.68 
"2016-01-14", 128.18 
"2016-01-15", 125.97 
"2016-01-19", 124.03 
"2016-01-20", 121.33 
"2016-01-21", 120.95 
"2016-01-22", 125.78 
"2016-01-25", 125.63 
"2016-01-26", 125.63 
"2016-01-27", 124.03 
"2016-01-28", 121.72 
"2016-01-29", 122.67 
"2016-02-01", 127.78 
"2016-02-02", 127.13 
"2016-02-03", 126.95 
"2016-02-04", 127.40 
"2016-02-05", 131.78 
"2016-02-08", 127.03 
"2016-02-09", 126.70 
"2016-02-10", 125.65 
"2016-02-11", 122.83 
"2016-02-12", 120.90 
"2016-02-16", 123.75 
"2016-02-17", 119.35 
"2016-02-18", 122.22 
"2016-02-19", 121.95 
"2016-02-22", 121.83 
"2016-02-23", 121.08 
"2016-02-24", 119.78 
"2016-02-25", 117.70 
"2016-02-26", 116.40 
"2016-02-29", 117.22 
"2016-03-01", 123.40 
"2016-03-02", 123.60 
"2016-03-03", 125.15 
"2016-03-04", 122.08 
"2016-03-07", 122.08 
"2016-03-08", 123.08 
"2016-03-09", 123.05 
"2016-03-10", 124.05 
"2016-03-11", 125.30 
"2016-03-14", 124.85 
"2016-03-15", 123.90 
"2016-03-16", 124.00 
"2016-03-17", 123.60 
"2016-03-18", 123.78 
"2016-03-21", 127.20 
"2016-03-22", 128.05 
"2016-03-23", 125.45 
"2016-03-24", 125.45 
"2016-03-28", 124.05 
"2016-03-29", 122.55 
"2016-03-30", 123.45 
"2016-03-31", 125.38 
"2016-04-01", 123.63 
"2016-04-04", 123.80 
"2016-04-05", 122.25 
"2016-04-06", 122.35 
"2016-04-07", 120.00 
"2016-04-08", 120.05 
"2016-04-11", 122.10 
"2016-04-12", 129.22 
"2016-04-13", 129.60 
"2016-04-14", 129.60 
"2016-04-15", 129.60 
"2016-04-18", 136.32 
"2016-04-19", 136.32 
"2016-04-20", 133.32 
"2016-04-21", 131.93 
"2016-04-22", 131.38 
"2016-04-25", 131.72 
"2016-04-26", 131.13 
"2016-04-27", 131.78 
"2016-04-28", 130.10 
"2016-04-29", 131.57 
"2016-05-02", 133.50 
"2016-05-03", 136.00 
"2016-05-04", 139.53 
"2016-05-05", 139.63 
"2016-05-06", 139.88 
"2016-05-09", 139.38 
"2016-05-10", 138.18 
"2016-05-11", 138.30 
"2016-05-12", 141.32 
"2016-05-13", 139.30 
"2016-05-16", 138.32 
"2016-05-17", 139.80 
"2016-05-18", 137.40 
"2016-05-19", 133.57 
"2016-05-20", 132.18 
"2016-05-23", 129.97 
"2016-05-24", 127.17 
"2016-05-25", 133.50 
"2016-05-26", 134.97 
"2016-05-27", 136.25 
"2016-05-31", 137.10 
"2016-06-01", 136.20 
"2016-06-02", 137.47 
"2016-06-03", 134.75 
"2016-06-06", 135.00 
"2016-06-07", 136.25 
"2016-06-08", 136.53 
"2016-06-09", 137.00 
"2016-06-10", 137.80 
"2016-06-13", 137.03 
"2016-06-14", 139.72 
"2016-06-15", 139.65 
"2016-06-16", 141.00 
"2016-06-17", 142.72 
"2016-06-20", 143.53 
"2016-06-21", 141.97 
"2016-06-22", 145.07 
"2016-06-23", 143.60 
"2016-06-24", 144.88 
"2016-06-27", 144.05 
"2016-06-28", 142.35 
"2016-06-29", 145.07 
"2016-06-30", 147.15 
"2016-07-01", 149.20 
"2016-07-05", 147.60 
"2016-07-06", 147.60 
"2016-07-07", 147.07 
"2016-07-08", 146.25 
"2016-07-11", 147.25 
"2016-07-12", 147.32 
"2016-07-13", 143.85 
"2016-07-14", 144.38 
"2016-07-15", 145.35 
"2016-07-18", 143.47 
"2016-07-19", 142.30 
"2016-07-20", 146.22 
"2016-07-21", 145.78 
"2016-07-22", 147.22 
"2016-07-25", 148.50 
"2016-07-26", 148.18 
"2016-07-27", 149.07 
"2016-07-28", 148.47 
"2016-07-29", 148.90 
"2016-08-01", 155.80 
"2016-08-02", 155.05 
"2016-08-03", 152.78 
"2016-08-04", 155.72 
"2016-08-05", 155.20 
"2016-08-08", 156.03 
"2016-08-09", 155.03 
"2016-08-10", 154.97 
"2016-08-11", 157.28 
"2016-08-12", 156.78 
"2016-08-15", 156.78 
"2016-08-16", 160.20 
"2016-08-17", 160.25 
"2016-08-18", 163.40 
"2016-08-19", 171.93 
"2016-08-22", 166.20 
"2016-08-23", 167.22 
"2016-08-24", 169.68 
"2016-08-25", 168.18 
"2016-08-26", 168.70 
"2016-08-29", 169.20 
"2016-08-30", 171.70 
"2016-08-31", 175.68 
"2016-09-01", 174.45 
"2016-09-02", 176.60 
"2016-09-06", 178.20 
"2016-09-07", 172.53 
"2016-09-08", 175.72 
"2016-09-09", 175.05 
"2016-09-12", 164.90 
"2016-09-13", 164.90 
"2016-09-14", 167.10 
"2016-09-15", 167.80 
"2016-09-16", 166.20 
"2016-09-19", 169.50 
"2016-09-20", 167.25 
"2016-09-21", 167.00 
"2016-09-22", 170.55 
"2016-09-23", 171.97 
"2016-09-26", 172.20 
"2016-09-27", 172.97 
"2016-09-28", 174.20 
"2016-09-29", 168.78 
"2016-09-30", 172.47 
"2016-10-03", 176.72 
"2016-10-04", 183.90 
"2016-10-05", 184.93 
"2016-10-06", 187.00 
"2016-10-07", 186.60 
"2016-10-10", 184.72 
"2016-10-11", 184.72 
"2016-10-12", 184.72 
"2016-10-13", 190.20 
"2016-10-14", 200.35 
"2016-10-17", 201.22 
"2016-10-18", 200.10 
"2016-10-19", 191.50 
"2016-10-20", 192.32 
"2016-10-21", 194.60 
"2016-10-24", 193.43 
"2016-10-25", 191.00 
"2016-10-26", 191.53 
"2016-10-27", 190.40 
"2016-10-28", 194.03 
"2016-10-31", 193.47 
"2016-11-01", 191.38 
"2016-11-02", 183.50 
"2016-11-03", 177.75 
"2016-11-04", 180.13 
"2016-11-07", 178.18 
"2016-11-08", 180.82 
"2016-11-09", 183.20 
"2016-11-10", 194.18 
"2016-11-11", 180.63 
"2016-11-14", 180.63 
"2016-11-15", 179.63 
"2016-11-16", 176.40 
"2016-11-17", 173.68 
"2016-11-18", 188.22 
"2016-11-21", 183.57 
"2016-11-22", 188.78 
"2016-11-23", 188.38 
"2016-11-25", 186.47 
"2016-11-28", 185.07 
"2016-11-29", 185.07 
"2016-11-30", 194.28 
"2016-12-01", 190.75 
"2016-12-02", 189.03 
"2016-12-05", 187.93 
"2016-12-06", 191.53 
"2016-12-07", 192.40 
"2016-12-08", 192.72 
"2016-12-09", 193.18 
"2016-12-12", 190.20 
"2016-12-13", 188.15 
"2016-12-14", 189.85 
"2016-12-15", 189.60 
"2016-12-16", 188.03 
"2016-12-19", 193.75 
"2016-12-20", 186.43 
"2016-12-21", 179.85 
"2016-12-22", 181.07 
"2016-12-23", 178.95 
"2016-12-27", 179.07 
"2016-12-28", 183.13 
"2016-12-29", 182.72 
"2016-12-30", 183.85 
"2017-01-03", 190.00 
"2017-01-04", 187.25 
"2017-01-05", 189.25 
"2017-01-06", 186.82 
"2017-01-09", 186.80 
"2017-01-10", 181.32 
"2017-01-11", 183.40 
"2017-01-12", 185.30 
"2017-01-13", 184.25 
"2017-01-17", 180.30 
"2017-01-18", 178.85 
"2017-01-19", 184.65 
"2017-01-20", 181.45 
"2017-01-23", 182.20 
"2017-01-24", 185.72 
"2017-01-25", 187.18 
"2017-01-26", 187.18 
"2017-01-27", 196.47 
"2017-01-30", 192.85 
"2017-01-31", 186.97 
"2017-02-01", 193.82 
"2017-02-02", 193.07 
"2017-02-03", 193.25 
"2017-02-06", 193.90 
"2017-02-07", 190.30 
"2017-02-08", 187.95 
"2017-02-09", 188.57 
"2017-02-10", 190.50 
"2017-02-13", 190.90 
"2017-02-14", 192.20 
"2017-02-15", 190.70 
"2017-02-16", 192.88 
"2017-02-17", 200.30 
"2017-02-21", 200.13 
"2017-02-22", 198.68 
"2017-02-23", 200.53 
"2017-02-24", 200.53 
"2017-02-27", 204.82 
"2017-02-28", 203.05 
"2017-03-01", 200.03 
"2017-03-02", 194.55 
"2017-03-03", 196.97 
"2017-03-06", 198.55 
"2017-03-07", 197.47 
"2017-03-08", 193.28 
"2017-03-09", 194.57 
"2017-03-10", 189.15 
"2017-03-13", 189.15 
"2017-03-14", 192.50 
"2017-03-15", 194.63 
"2017-03-16", 196.38 
"2017-03-17", 196.57 
"2017-03-20", 196.90 
"2017-03-21", 197.28 
"2017-03-22", 194.30 
"2017-03-23", 196.75 
"2017-03-24", 198.25 
"2017-03-27", 203.05 
"2017-03-28", 205.28 
"2017-03-29", 201.57 
"2017-03-30", 199.75 
"2017-03-31", 201.45 
"2017-04-03", 207.00 
"2017-04-04", 207.00 
"2017-04-05", 204.22 
"2017-04-06", 205.90 
"2017-04-07", 203.95 
"2017-04-10", 206.47 
"2017-04-11", 210.88 
"2017-04-12", 215.43 
"2017-04-13", 212.55 
"2017-04-17", 219.85 
"2017-04-18", 215.78 
"2017-04-19", 221.05 
"2017-04-20", 221.53 
"2017-04-21", 216.90 
"2017-04-24", 217.53 
"2017-04-25", 214.60 
"2017-04-26", 215.03 
"2017-04-27", 215.28 
"2017-04-28", 211.57 
"2017-05-01", 211.57 
"2017-05-02", 212.93 
"2017-05-03", 214.93 
"2017-05-04", 217.72 
"2017-05-05", 214.82 
"2017-05-08", 212.68 
"2017-05-09", 214.43 
"2017-05-10", 217.35 
"2017-05-11", 218.65 
"2017-05-12", 217.70 
"2017-05-15", 225.70 
"2017-05-16", 224.68 
"2017-05-17", 224.93 
"2017-05-18", 221.72 
"2017-05-19", 224.07 
"2017-05-22", 220.38 
"2017-05-23", 212.85 
"2017-05-24", 212.85 
"2017-05-25", 216.40 
"2017-05-26", 221.20 
"2017-05-30", 218.70 
"2017-05-31", 219.90 
"2017-06-01", 221.57 
"2017-06-02", 223.00 
"2017-06-05", 218.22 
"2017-06-06", 224.45 
"2017-06-07", 220.05 
"2017-06-08", 212.90 
"2017-06-09", 216.60 
"2017-06-12", 216.32 
"2017-06-13", 215.90 
"2017-06-14", 214.63 
"2017-06-15", 213.05 
"2017-06-16", 213.47 
"2017-06-19", 218.50 
"2017-06-20", 222.32 
"2017-06-21", 221.65 
"2017-06-22", 217.85 
"2017-06-23", 219.05 
"2017-06-26", 219.05 
"2017-06-27", 217.43 
"2017-06-28", 216.20 
"2017-06-29", 215.72 
"2017-06-30", 215.78 
"2017-07-03", 214.20 
"2017-07-05", 214.65 
"2017-07-06", 216.85 
"2017-07-07", 217.25 
"2017-07-10", 219.75 
"2017-07-11", 217.75 
"2017-07-12", 216.60 
"2017-07-13", 213.55 
"2017-07-14", 210.85 
"2017-07-17", 208.95 
"2017-07-18", 207.25 
"2017-07-19", 206.05 
"2017-07-20", 206.00 
"2017-07-21", 205.50 
"2017-07-24", 202.45 
"2017-07-25", 206.15 
"2017-07-26", 207.70 
"2017-07-27", 206.15 
"2017-07-28", 202.50 
"2017-07-31", 204.10 
"2017-08-01", 211.60 
"2017-08-02", 213.60 
"2017-08-03", 208.60 
"2017-08-04", 207.75 
"2017-08-07", 212.85 
"2017-08-08", 211.20 
"2017-08-09", 207.70 
"2017-08-10", 206.80 
"2017-08-11", 212.10 
"2017-08-14", 217.55 
"2017-08-15", 217.55 
"2017-08-16", 229.50 
"2017-08-17", 228.30 
"2017-08-18", 229.25 
"2017-08-21", 229.10 
"2017-08-22", 229.25 
"2017-08-23", 230.85 
"2017-08-24", 226.35 
"2017-08-25", 226.35 
"2017-08-28", 224.90 
"2017-08-29", 222.95 
"2017-08-30", 225.90 
"2017-08-31", 225.35 
"2017-09-01", 223.85 
"2017-09-05", 225.60 
"2017-09-06", 224.95 
"2017-09-07", 225.65 
"2017-09-08", 224.10 
"2017-09-11", 237.10 
"2017-09-12", 236.15 
"2017-09-13", 234.15 
"2017-09-14", 231.65 
"2017-09-15", 231.40 
"2017-09-18", 234.10 
"2017-09-19", 237.00 
"2017-09-20", 235.30 
"2017-09-21", 230.90 
"2017-09-22", 225.35 
"2017-09-25", 228.45 
"2017-09-26", 232.45 
"2017-09-27", 225.65 
"2017-09-28", 224.10 
"2017-09-29", 231.40 
"2017-10-02", 231.40 
"2017-10-03", 233.00 
"2017-10-04", 235.70 
"2017-10-05", 238.60 
"2017-10-06", 244.25 
"2017-10-09", 241.55 
"2017-10-10", 246.15 
"2017-10-11", 258.15 
"2017-10-12", 253.00 
"2017-10-13", 250.95 
"2017-10-16", 250.85 
"2017-10-17", 260.55 
"2017-10-18", 266.75 
"2017-10-19", 263.65 
"2017-10-20", 263.65 
"2017-10-23", 273.15 
"2017-10-24", 268.95 
"2017-10-25", 257.15 
"2017-10-26", 258.30 
"2017-10-27", 256.35 
"2017-10-30", 261.80 
"2017-10-31", 259.85 
"2017-11-01", 263.20 
"2017-11-02", 262.35 
"2017-11-03", 259.55 
"2017-11-06", 261.00 
"2017-11-07", 263.00 
"2017-11-08", 260.15 
"2017-11-09", 268.50 
"2017-11-10", 263.30 
"2017-11-13", 265.60 
"2017-11-14", 258.00 
"2017-11-15", 250.75 
"2017-11-16", 252.55 
"2017-11-17", 255.00 
"2017-11-20", 253.05 
"2017-11-21", 252.85 
"2017-11-22", 252.95 
"2017-11-24", 253.30 
"2017-11-27", 254.65 
"2017-11-28", 258.65 
"2017-11-29", 253.45 
"2017-11-30", 251.00 
"2017-12-01", 243.90 
"2017-12-04", 242.50 
"2017-12-05", 249.45 
"2017-12-06", 244.20 
"2017-12-07", 256.55 
"2017-12-08", 251.40 
"2017-12-11", 250.20 
"2017-12-12", 251.15 
"2017-12-13", 245.20 
"2017-12-14", 248.65 
"2017-12-15", 247.95 
"2017-12-18", 254.45 
"2017-12-19", 254.15 
"2017-12-20", 250.90 
"2017-12-21", 250.65 
"2017-12-22", 252.20 
"2017-12-26", 254.20 
"2017-12-27", 250.75 
"2017-12-28", 250.75 
"2017-12-29", 254.55 
"2018-01-02", 252.90 
"2018-01-03", 253.70 
"2018-01-04", 252.50 
"2018-01-05", 252.05 
"2018-01-08", 254.70 
"2018-01-09", 253.10 
"2018-01-10", 250.95 
"2018-01-11", 249.60 
"2018-01-12", 252.30 
"2018-01-16", 238.95 
"2018-01-17", 235.15 
"2018-01-18", 235.70 
"2018-01-19", 237.05 
"2018-01-22", 237.35 
"2018-01-23", 245.95 
"2018-01-24", 247.20 
"2018-01-25", 244.00 
"2018-01-26", 244.00 
"2018-01-29", 249.75 
"2018-01-30", 257.20 
"2018-01-31", 254.70 
"2018-02-01", 251.65 
"2018-02-02", 242.90 
"2018-02-05", 247.20 
"2018-02-06", 243.85 
"2018-02-07", 245.95 
"2018-02-08", 248.65 
"2018-02-09", 247.10 
"2018-02-12", 248.50 
"2018-02-13", 248.50 
"2018-02-14", 251.35 
"2018-02-15", 249.55 
"2018-02-16", 248.35 
"2018-02-20", 243.85 
"2018-02-21", 244.05 
"2018-02-22", 241.00 
"2018-02-23", 243.65 
"2018-02-26", 243.40 
"2018-02-27", 249.20 
"2018-02-28", 246.90 
"2018-03-01", 241.05 
"2018-03-02", 241.05 
"2018-03-05", 235.45 
"2018-03-06", 233.95 
"2018-03-07", 234.35 
"2018-03-08", 235.25 
"2018-03-09", 230.50 
"2018-03-12", 230.80 
"2018-03-13", 238.75 
"2018-03-14", 237.50 
"2018-03-15", 237.20 
"2018-03-16", 235.00 
"2018-03-19", 233.80 
"2018-03-20", 235.75 
"2018-03-21", 234.75 
"2018-03-22", 233.60 
"2018-03-23", 232.35 
"2018-03-26", 226.10 
"2018-03-27", 226.90 
"2018-03-28", 231.30 
"2018-03-29", 231.30 
"2018-04-02", 230.65 
"2018-04-03", 232.30 
"2018-04-04", 230.40 
"2018-04-05", 232.40 
"2018-04-06", 236.55 
"2018-04-09", 239.00 
"2018-04-10", 236.15 
"2018-04-11", 235.90 
"2018-04-12", 237.35 
"2018-04-13", 236.00 
"2018-04-16", 238.50 
"2018-04-17", 243.00 
"2018-04-18", 238.35 
"2018-04-19", 240.15 
"2018-04-20", 239.30 
"2018-04-23", 237.15 
"2018-04-24", 238.00 
"2018-04-25", 229.50 
"2018-04-26", 227.60 
"2018-04-27", 227.40 
"2018-04-30", 226.70 
"2018-05-01", 226.70 
"2018-05-02", 226.05 
"2018-05-03", 218.10 
"2018-05-04", 219.60 
"2018-05-07", 221.65 
"2018-05-08", 218.30 
"2018-05-09", 217.50 
"2018-05-10", 210.55 
"2018-05-11", 214.90 
"2018-05-14", 214.05 
"2018-05-15", 209.30 
"2018-05-16", 203.00 
"2018-05-17", 219.35 
"2018-05-18", 218.60 
"2018-05-21", 210.85 
"2018-05-22", 210.60 
"2018-05-23", 211.10 
"2018-05-24", 211.15 
"2018-05-25", 210.20 
"2018-05-29", 213.75 
"2018-05-30", 218.25 
"2018-05-31", 220.85 
"2018-06-01", 217.05 
"2018-06-04", 216.70 
"2018-06-05", 216.70 
"2018-06-06", 218.40 
"2018-06-07", 219.15 
"2018-06-08", 226.05 
"2018-06-11", 220.35 
"2018-06-12", 220.75 
"2018-06-13", 217.85 
"2018-06-14", 217.60 
"2018-06-15", 211.80 
"2018-06-18", 213.90 
"2018-06-19", 215.45 
"2018-06-20", 212.90 
"2018-06-21", 209.80 
"2018-06-22", 209.60 
"2018-06-25", 206.35 
"2018-06-26", 212.80 
"2018-06-27", 207.20 
"2018-06-28", 206.40 
"2018-06-29", 219.15 
"2018-07-02", 216.40 
"2018-07-03", 217.00 
"2018-07-05", 218.70 
"2018-07-06", 217.15 
"2018-07-09", 217.70 
"2018-07-10", 222.80 
"2018-07-11", 220.60 
"2018-07-12", 216.95 
"2018-07-13", 211.90 
"2018-07-16", 207.30 
"2018-07-17", 209.00 
"2018-07-18", 207.65 
"2018-07-19", 207.70 
"2018-07-20", 207.10 
"2018-07-23", 208.15 
"2018-07-24", 216.05 
"2018-07-25", 220.80 
"2018-07-26", 231.15 
"2018-07-27", 231.75 
"2018-07-30", 228.95 
"2018-07-31", 229.15 
"2018-08-01", 234.15 
"2018-08-02", 233.95 
"2018-08-03", 230.50 
"2018-08-06", 228.85 
"2018-08-07", 230.25 
"2018-08-08", 227.20 
"2018-08-09", 229.55 
"2018-08-10", 224.20 
"2018-08-13", 221.20 
"2018-08-14", 222.15 
"2018-08-15", 222.15 
"2018-08-16", 218.65 
"2018-08-17", 217.90 
"2018-08-20", 225.40 
"2018-08-21", 228.20 
"2018-08-22", 228.20 
"2018-08-23", 230.35 
"2018-08-24", 232.25 
"2018-08-27", 234.40 
"2018-08-28", 231.70 
"2018-08-29", 233.10 
"2018-08-30", 239.80 
"2018-08-31", 247.45 
"2018-09-04", 236.60 
"2018-09-05", 239.45 
"2018-09-06", 238.30 
"2018-09-07", 242.65 
"2018-09-10", 243.35 
"2018-09-11", 239.40 
"2018-09-12", 237.90 
"2018-09-13", 237.90 
"2018-09-14", 241.90 
"2018-09-17", 237.75 
"2018-09-18", 231.30 
"2018-09-19", 233.65 
"2018-09-20", 233.65 
"2018-09-21", 235.80 
"2018-09-24", 227.10 
"2018-09-25", 225.45 
"2018-09-26", 225.20 
"2018-09-27", 226.95 
"2018-09-28", 224.70 
"2018-10-01", 222.35 
"2018-10-02", 222.35 
"2018-10-03", 221.85 
"2018-10-04", 214.75 
"2018-10-05", 213.35 
"2018-10-08", 212.70 
"2018-10-09", 212.15 
"2018-10-10", 212.85 
"2018-10-11", 211.75 
"2018-10-12", 217.30 
"2018-10-15", 215.10 
"2018-10-16", 224.30 
"2018-10-17", 217.40 
"2018-10-18", 217.40 
"2018-10-19", 213.35 
"2018-10-22", 212.25 
"2018-10-23", 211.90 
"2018-10-24", 212.70 
"2018-10-25", 212.55 
"2018-10-26", 217.45 
"2018-10-29", 218.80 
"2018-10-30", 217.35 
"2018-10-31", 225.50 
"2018-11-01", 225.25 
"2018-11-02", 223.45 
"2018-11-05", 218.85 
"2018-11-06", 214.60 
"2018-11-07", 218.80 
"2018-11-08", 218.80 
"2018-11-09", 224.80 
"2018-11-12", 218.95 
"2018-11-13", 223.05 
"2018-11-14", 221.50 
"2018-11-15", 213.35 
"2018-11-16", 215.15 
"2018-11-19", 215.30 
"2018-11-20", 215.20 
"2018-11-21", 214.10 
"2018-11-23", 211.55 
"2018-11-26", 219.35 
"2018-11-27", 217.00 
"2018-11-28", 215.85 
"2018-11-29", 213.50 
"2018-11-30", 212.45 
"2018-12-03", 212.85 
"2018-12-04", 212.60 
"2018-12-06", 210.70 
"2018-12-07", 210.10 
"2018-12-10", 208.40 
"2018-12-11", 206.90 
"2018-12-12", 211.45 
"2018-12-13", 212.45 
"2018-12-14", 217.00 
"2018-12-17", 225.30 
"2018-12-18", 223.65 
"2018-12-19", 225.25 
"2018-12-20", 221.55 
"2018-12-21", 222.60 
"2018-12-24", 222.40 
"2018-12-26", 222.45 
"2018-12-27", 222.35 
"2018-12-28", 225.90 
"2018-12-31", 223.50 
"2019-01-02", 228.15 
"2019-01-03", 228.40 
"2019-01-04", 221.10 
"2019-01-07", 217.15 
"2019-01-08", 219.95 
"2019-01-09", 214.35 
"2019-01-10", 214.20 
"2019-01-11", 216.10 
"2019-01-14", 216.90 
"2019-01-15", 214.90 
"2019-01-16", 219.95 
"2019-01-17", 222.05 
"2019-01-18", 218.50 
"2019-01-22", 223.10 
"2019-01-23", 226.85 
"2019-01-24", 225.95 
"2019-01-25", 227.10 
"2019-01-28", 220.50 
"2019-01-29", 222.40 
"2019-01-30", 224.95 
"2019-01-31", 227.85 
"2019-02-01", 221.20 
"2019-02-04", 209.85 
"2019-02-05", 219.85 
"2019-02-06", 219.35 
"2019-02-07", 222.30 
"2019-02-08", 224.55 
"2019-02-11", 224.50 
"2019-02-12", 222.65 
"2019-02-13", 220.80 
"2019-02-14", 216.90 
"2019-02-15", 214.70 
"2019-02-19", 214.65 
"2019-02-20", 212.75 
"2019-02-21", 215.30 
"2019-02-22", 215.75 
"2019-02-25", 218.45 
"2019-02-26", 221.80 
"2019-02-27", 222.05 
"2019-02-28", 223.35 
"2019-03-01", 223.30 
"2019-03-04", 223.30 
"2019-03-05", 226.20 
"2019-03-06", 227.40 
"2019-03-07", 229.15 
"2019-03-08", 233.90 
"2019-03-11", 238.95 
"2019-03-12", 239.15 
"2019-03-13", 241.85 
"2019-03-14", 237.55 
"2019-03-15", 236.40 
"2019-03-18", 242.25 
"2019-03-19", 244.30 
"2019-03-20", 241.95 
"2019-03-21", 241.95 
"2019-03-22", 241.60 
"2019-03-25", 238.65 
"2019-03-26", 237.95 
"2019-03-27", 235.90 
"2019-03-28", 244.20 
"2019-03-29", 250.50 
